FeedbackID,StudentID,FeedbackDate,FeedbackText
1,1391,2023-04-21,Feedback 1 from student 1391
2,1495,2023-07-01,Feedback 2 from student 1495
3,1121,2021-07-20,Feedback 3 from student 1121
4,1304,2024-01-07,Feedback 4 from student 1304
5,1261,2023-12-09,Feedback 5 from student 1261
6,1314,2020-07-31,Feedback 6 from student 1314
7,1486,2023-11-30,Feedback 7 from student 1486
8,1217,2022-02-11,Feedback 8 from student 1217
9,1052,2024-02-25,Feedback 9 from student 1052
10,1110,2023-06-09,Feedback 10 from student 1110
11,1215,2023-08-14,Feedback 11 from student 1215
12,1346,2021-03-31,Feedback 12 from student 1346
13,1072,2021-01-24,Feedback 13 from student 1072
14,1171,2024-02-20,Feedback 14 from student 1171
15,1372,2022-11-14,Feedback 15 from student 1372
16,1485,2022-04-16,Feedback 16 from student 1485
17,1076,2020-02-04,Feedback 17 from student 1076
18,1369,2021-10-24,Feedback 18 from student 1369
19,1277,2021-01-27,Feedback 19 from student 1277
20,1303,2021-11-17,Feedback 20 from student 1303
21,1165,2021-12-01,Feedback 21 from student 1165
22,1316,2020-07-06,Feedback 22 from student 1316
23,1301,2024-01-23,Feedback 23 from student 1301
24,1262,2024-12-10,Feedback 24 from student 1262
25,1015,2024-01-06,Feedback 25 from student 1015
26,1175,2020-05-06,Feedback 26 from student 1175
27,1479,2022-07-07,Feedback 27 from student 1479
28,1324,2020-12-25,Feedback 28 from student 1324
29,1146,2023-08-03,Feedback 29 from student 1146
30,1269,2020-08-19,Feedback 30 from student 1269
31,1108,2024-09-05,Feedback 31 from student 1108
32,1087,2021-08-07,Feedback 32 from student 1087
33,1303,2023-01-10,Feedback 33 from student 1303
34,1124,2022-01-31,Feedback 34 from student 1124
35,1493,2023-05-09,Feedback 35 from student 1493
36,1433,2021-12-21,Feedback 36 from student 1433
37,1459,2024-12-16,Feedback 37 from student 1459
38,1469,2022-12-06,Feedback 38 from student 1469
39,1131,2024-03-20,Feedback 39 from student 1131
40,1030,2022-03-09,Feedback 40 from student 1030
41,1497,2024-08-28,Feedback 41 from student 1497
42,1447,2022-05-27,Feedback 42 from student 1447
43,1191,2020-02-17,Feedback 43 from student 1191
44,1029,2023-03-03,Feedback 44 from student 1029
45,1375,2024-07-12,Feedback 45 from student 1375
46,1477,2023-06-02,Feedback 46 from student 1477
47,1008,2022-10-23,Feedback 47 from student 1008
48,1147,2022-04-19,Feedback 48 from student 1147
49,1377,2023-12-03,Feedback 49 from student 1377
50,1214,2023-10-19,Feedback 50 from student 1214
51,1480,2020-07-28,Feedback 51 from student 1480
52,1479,2021-03-25,Feedback 52 from student 1479
53,1394,2023-08-04,Feedback 53 from student 1394
54,1229,2020-01-26,Feedback 54 from student 1229
55,1018,2021-11-10,Feedback 55 from student 1018
56,1360,2024-01-29,Feedback 56 from student 1360
57,1384,2020-07-16,Feedback 57 from student 1384
58,1299,2024-04-19,Feedback 58 from student 1299
59,1412,2024-03-07,Feedback 59 from student 1412
60,1491,2024-04-21,Feedback 60 from student 1491
61,1011,2021-11-04,Feedback 61 from student 1011
62,1074,2022-08-14,Feedback 62 from student 1074
63,1446,2020-01-28,Feedback 63 from student 1446
64,1181,2021-12-16,Feedback 64 from student 1181
65,1350,2021-03-03,Feedback 65 from student 1350
66,1456,2020-12-13,Feedback 66 from student 1456
67,1274,2021-05-24,Feedback 67 from student 1274
68,1416,2023-03-12,Feedback 68 from student 1416
69,1469,2024-06-07,Feedback 69 from student 1469
70,1221,2021-06-05,Feedback 70 from student 1221
71,1473,2023-06-03,Feedback 71 from student 1473
72,1030,2022-07-17,Feedback 72 from student 1030
73,1269,2022-11-17,Feedback 73 from student 1269
74,1052,2023-06-23,Feedback 74 from student 1052
75,1160,2020-06-16,Feedback 75 from student 1160
76,1292,2021-06-05,Feedback 76 from student 1292
77,1110,2023-04-29,Feedback 77 from student 1110
78,1344,2021-08-15,Feedback 78 from student 1344
79,1272,2022-03-06,Feedback 79 from student 1272
80,1480,2020-08-31,Feedback 80 from student 1480
81,1441,2020-11-05,Feedback 81 from student 1441
82,1088,2023-01-12,Feedback 82 from student 1088
83,1039,2023-11-09,Feedback 83 from student 1039
84,1492,2021-08-17,Feedback 84 from student 1492
85,1308,2023-09-11,Feedback 85 from student 1308
86,1179,2020-11-23,Feedback 86 from student 1179
87,1199,2022-06-19,Feedback 87 from student 1199
88,1129,2022-06-05,Feedback 88 from student 1129
89,1038,2022-11-21,Feedback 89 from student 1038
90,1095,2021-09-20,Feedback 90 from student 1095
91,1334,2022-07-07,Feedback 91 from student 1334
92,1195,2023-12-30,Feedback 92 from student 1195
93,1446,2021-03-08,Feedback 93 from student 1446
94,1028,2022-01-07,Feedback 94 from student 1028
95,1306,2023-12-30,Feedback 95 from student 1306
96,1361,2020-06-18,Feedback 96 from student 1361
97,1324,2021-07-24,Feedback 97 from student 1324
98,1300,2024-10-23,Feedback 98 from student 1300
99,1101,2021-07-09,Feedback 99 from student 1101
100,1241,2022-03-18,Feedback 100 from student 1241
101,1206,2024-06-19,Feedback 101 from student 1206
102,1314,2022-03-14,Feedback 102 from student 1314
103,1383,2022-06-17,Feedback 103 from student 1383
104,1207,2023-06-30,Feedback 104 from student 1207
105,1019,2021-10-27,Feedback 105 from student 1019
106,1288,2023-03-10,Feedback 106 from student 1288
107,1290,2021-12-07,Feedback 107 from student 1290
108,1257,2020-06-11,Feedback 108 from student 1257
109,1293,2023-05-11,Feedback 109 from student 1293
110,1368,2021-03-27,Feedback 110 from student 1368
111,1070,2024-06-21,Feedback 111 from student 1070
112,1364,2022-06-01,Feedback 112 from student 1364
113,1492,2022-12-11,Feedback 113 from student 1492
114,1155,2022-06-02,Feedback 114 from student 1155
115,1465,2022-01-14,Feedback 115 from student 1465
116,1047,2024-04-05,Feedback 116 from student 1047
117,1048,2020-12-10,Feedback 117 from student 1048
118,1356,2021-08-27,Feedback 118 from student 1356
119,1023,2024-07-08,Feedback 119 from student 1023
120,1447,2021-11-04,Feedback 120 from student 1447
121,1249,2024-07-25,Feedback 121 from student 1249
122,1411,2021-01-19,Feedback 122 from student 1411
123,1215,2023-07-15,Feedback 123 from student 1215
124,1161,2020-11-13,Feedback 124 from student 1161
125,1133,2023-05-07,Feedback 125 from student 1133
126,1170,2020-09-13,Feedback 126 from student 1170
127,1231,2024-10-13,Feedback 127 from student 1231
128,1307,2022-10-28,Feedback 128 from student 1307
129,1125,2023-09-12,Feedback 129 from student 1125
130,1331,2021-03-21,Feedback 130 from student 1331
131,1270,2022-12-02,Feedback 131 from student 1270
132,1482,2024-07-30,Feedback 132 from student 1482
133,1430,2020-09-25,Feedback 133 from student 1430
134,1057,2021-08-02,Feedback 134 from student 1057
135,1441,2020-02-14,Feedback 135 from student 1441
136,1367,2021-10-22,Feedback 136 from student 1367
137,1129,2023-04-30,Feedback 137 from student 1129
138,1148,2022-09-28,Feedback 138 from student 1148
139,1024,2023-12-06,Feedback 139 from student 1024
140,1090,2022-07-10,Feedback 140 from student 1090
141,1071,2022-07-13,Feedback 141 from student 1071
142,1423,2024-08-06,Feedback 142 from student 1423
143,1427,2023-01-04,Feedback 143 from student 1427
144,1151,2020-01-02,Feedback 144 from student 1151
145,1138,2021-11-09,Feedback 145 from student 1138
146,1109,2023-02-14,Feedback 146 from student 1109
147,1293,2020-03-14,Feedback 147 from student 1293
148,1310,2022-08-21,Feedback 148 from student 1310
149,1265,2021-01-11,Feedback 149 from student 1265
150,1126,2022-11-17,Feedback 150 from student 1126
151,1255,2020-01-09,Feedback 151 from student 1255
152,1170,2020-06-21,Feedback 152 from student 1170
153,1220,2021-08-31,Feedback 153 from student 1220
154,1291,2024-03-09,Feedback 154 from student 1291
155,1233,2024-07-17,Feedback 155 from student 1233
156,1289,2023-12-25,Feedback 156 from student 1289
157,1372,2020-09-29,Feedback 157 from student 1372
158,1059,2024-07-03,Feedback 158 from student 1059
159,1139,2023-05-13,Feedback 159 from student 1139
160,1027,2023-09-25,Feedback 160 from student 1027
161,1425,2021-10-15,Feedback 161 from student 1425
162,1197,2023-11-05,Feedback 162 from student 1197
163,1029,2021-03-11,Feedback 163 from student 1029
164,1451,2024-02-03,Feedback 164 from student 1451
165,1107,2021-07-12,Feedback 165 from student 1107
166,1137,2022-12-01,Feedback 166 from student 1137
167,1392,2024-11-09,Feedback 167 from student 1392
168,1431,2022-05-02,Feedback 168 from student 1431
169,1328,2024-03-04,Feedback 169 from student 1328
170,1216,2023-12-21,Feedback 170 from student 1216
171,1157,2024-02-18,Feedback 171 from student 1157
172,1015,2020-12-24,Feedback 172 from student 1015
173,1435,2020-01-29,Feedback 173 from student 1435
174,1401,2021-02-26,Feedback 174 from student 1401
175,1037,2021-01-23,Feedback 175 from student 1037
176,1340,2020-12-08,Feedback 176 from student 1340
177,1113,2023-05-14,Feedback 177 from student 1113
178,1216,2021-04-19,Feedback 178 from student 1216
179,1292,2024-02-29,Feedback 179 from student 1292
180,1143,2022-06-10,Feedback 180 from student 1143
181,1167,2024-04-07,Feedback 181 from student 1167
182,1153,2020-08-09,Feedback 182 from student 1153
183,1414,2020-07-31,Feedback 183 from student 1414
184,1122,2021-12-24,Feedback 184 from student 1122
185,1237,2024-07-02,Feedback 185 from student 1237
186,1291,2020-08-22,Feedback 186 from student 1291
187,1319,2024-02-23,Feedback 187 from student 1319
188,1449,2022-03-01,Feedback 188 from student 1449
189,1187,2024-09-16,Feedback 189 from student 1187
190,1190,2022-05-05,Feedback 190 from student 1190
191,1448,2020-03-05,Feedback 191 from student 1448
192,1387,2022-05-22,Feedback 192 from student 1387
193,1248,2020-12-05,Feedback 193 from student 1248
194,1059,2024-06-29,Feedback 194 from student 1059
195,1118,2020-02-12,Feedback 195 from student 1118
196,1238,2024-02-24,Feedback 196 from student 1238
197,1325,2021-11-06,Feedback 197 from student 1325
198,1270,2021-12-31,Feedback 198 from student 1270
199,1273,2023-01-31,Feedback 199 from student 1273
200,1295,2022-09-22,Feedback 200 from student 1295
201,1259,2020-06-19,Feedback 201 from student 1259
202,1376,2024-11-25,Feedback 202 from student 1376
203,1023,2021-11-10,Feedback 203 from student 1023
204,1389,2022-01-25,Feedback 204 from student 1389
205,1215,2021-01-31,Feedback 205 from student 1215
206,1216,2021-07-10,Feedback 206 from student 1216
207,1022,2020-12-03,Feedback 207 from student 1022
208,1197,2021-11-07,Feedback 208 from student 1197
209,1123,2022-04-13,Feedback 209 from student 1123
210,1090,2022-11-25,Feedback 210 from student 1090
211,1383,2022-11-03,Feedback 211 from student 1383
212,1205,2024-06-17,Feedback 212 from student 1205
213,1308,2023-05-06,Feedback 213 from student 1308
214,1257,2024-09-19,Feedback 214 from student 1257
215,1462,2023-04-23,Feedback 215 from student 1462
216,1132,2020-11-14,Feedback 216 from student 1132
217,1352,2021-08-25,Feedback 217 from student 1352
218,1149,2020-02-03,Feedback 218 from student 1149
219,1175,2022-01-24,Feedback 219 from student 1175
220,1398,2020-04-04,Feedback 220 from student 1398
221,1122,2023-09-06,Feedback 221 from student 1122
222,1380,2020-11-11,Feedback 222 from student 1380
223,1030,2024-06-23,Feedback 223 from student 1030
224,1429,2024-07-27,Feedback 224 from student 1429
225,1447,2021-01-16,Feedback 225 from student 1447
226,1012,2024-03-04,Feedback 226 from student 1012
227,1148,2023-06-05,Feedback 227 from student 1148
228,1380,2023-05-27,Feedback 228 from student 1380
229,1494,2023-10-16,Feedback 229 from student 1494
230,1163,2021-06-12,Feedback 230 from student 1163
231,1256,2024-11-30,Feedback 231 from student 1256
232,1472,2021-08-03,Feedback 232 from student 1472
233,1239,2021-08-15,Feedback 233 from student 1239
234,1432,2024-12-03,Feedback 234 from student 1432
235,1015,2020-05-21,Feedback 235 from student 1015
236,1069,2022-12-11,Feedback 236 from student 1069
237,1017,2023-11-21,Feedback 237 from student 1017
238,1448,2021-01-16,Feedback 238 from student 1448
239,1187,2022-06-12,Feedback 239 from student 1187
240,1491,2024-04-19,Feedback 240 from student 1491
241,1334,2021-02-24,Feedback 241 from student 1334
242,1061,2020-11-28,Feedback 242 from student 1061
243,1016,2022-02-27,Feedback 243 from student 1016
244,1059,2023-12-06,Feedback 244 from student 1059
245,1436,2021-05-12,Feedback 245 from student 1436
246,1225,2022-09-11,Feedback 246 from student 1225
247,1408,2020-11-09,Feedback 247 from student 1408
248,1232,2020-06-12,Feedback 248 from student 1232
249,1011,2021-05-19,Feedback 249 from student 1011
250,1470,2021-08-29,Feedback 250 from student 1470
251,1005,2024-01-25,Feedback 251 from student 1005
252,1080,2024-12-15,Feedback 252 from student 1080
253,1096,2021-05-06,Feedback 253 from student 1096
254,1148,2024-06-26,Feedback 254 from student 1148
255,1224,2021-02-15,Feedback 255 from student 1224
256,1445,2024-08-19,Feedback 256 from student 1445
257,1161,2021-02-14,Feedback 257 from student 1161
258,1043,2022-03-30,Feedback 258 from student 1043
259,1499,2020-08-04,Feedback 259 from student 1499
260,1075,2021-10-26,Feedback 260 from student 1075
261,1455,2022-09-26,Feedback 261 from student 1455
262,1151,2022-04-28,Feedback 262 from student 1151
263,1428,2022-01-28,Feedback 263 from student 1428
264,1203,2024-07-23,Feedback 264 from student 1203
265,1236,2020-12-19,Feedback 265 from student 1236
266,1468,2023-12-02,Feedback 266 from student 1468
267,1203,2022-12-22,Feedback 267 from student 1203
268,1317,2022-06-07,Feedback 268 from student 1317
269,1173,2023-02-16,Feedback 269 from student 1173
270,1031,2022-02-21,Feedback 270 from student 1031
271,1014,2024-10-29,Feedback 271 from student 1014
272,1482,2023-06-19,Feedback 272 from student 1482
273,1205,2023-05-11,Feedback 273 from student 1205
274,1225,2020-06-15,Feedback 274 from student 1225
275,1204,2020-07-01,Feedback 275 from student 1204
276,1220,2023-05-12,Feedback 276 from student 1220
277,1221,2021-05-17,Feedback 277 from student 1221
278,1498,2023-11-05,Feedback 278 from student 1498
279,1248,2024-10-13,Feedback 279 from student 1248
280,1073,2021-07-19,Feedback 280 from student 1073
281,1077,2022-05-01,Feedback 281 from student 1077
282,1210,2021-05-22,Feedback 282 from student 1210
283,1013,2021-07-04,Feedback 283 from student 1013
284,1448,2021-12-24,Feedback 284 from student 1448
285,1217,2020-03-18,Feedback 285 from student 1217
286,1265,2021-06-03,Feedback 286 from student 1265
287,1416,2022-06-07,Feedback 287 from student 1416
288,1258,2024-06-02,Feedback 288 from student 1258
289,1481,2023-09-16,Feedback 289 from student 1481
290,1263,2020-12-06,Feedback 290 from student 1263
291,1316,2022-12-20,Feedback 291 from student 1316
292,1138,2024-06-16,Feedback 292 from student 1138
293,1084,2024-10-06,Feedback 293 from student 1084
294,1144,2024-09-19,Feedback 294 from student 1144
295,1192,2024-09-11,Feedback 295 from student 1192
296,1469,2024-10-29,Feedback 296 from student 1469
297,1145,2022-09-16,Feedback 297 from student 1145
298,1381,2020-08-24,Feedback 298 from student 1381
299,1358,2021-03-23,Feedback 299 from student 1358
300,1362,2022-04-02,Feedback 300 from student 1362
301,1373,2024-06-26,Feedback 301 from student 1373
302,1021,2024-11-30,Feedback 302 from student 1021
303,1377,2024-05-16,Feedback 303 from student 1377
304,1016,2023-10-25,Feedback 304 from student 1016
305,1290,2024-04-08,Feedback 305 from student 1290
306,1016,2020-05-05,Feedback 306 from student 1016
307,1114,2023-02-10,Feedback 307 from student 1114
308,1080,2024-04-21,Feedback 308 from student 1080
309,1154,2021-08-10,Feedback 309 from student 1154
310,1204,2020-02-03,Feedback 310 from student 1204
311,1247,2023-04-22,Feedback 311 from student 1247
312,1291,2021-01-03,Feedback 312 from student 1291
313,1297,2020-03-04,Feedback 313 from student 1297
314,1141,2021-07-05,Feedback 314 from student 1141
315,1135,2022-10-16,Feedback 315 from student 1135
316,1152,2023-06-06,Feedback 316 from student 1152
317,1473,2024-09-14,Feedback 317 from student 1473
318,1449,2024-05-21,Feedback 318 from student 1449
319,1310,2024-01-12,Feedback 319 from student 1310
320,1481,2020-06-13,Feedback 320 from student 1481
321,1125,2023-01-31,Feedback 321 from student 1125
322,1098,2022-12-27,Feedback 322 from student 1098
323,1466,2021-07-19,Feedback 323 from student 1466
324,1497,2020-07-01,Feedback 324 from student 1497
325,1377,2021-01-11,Feedback 325 from student 1377
326,1494,2022-07-09,Feedback 326 from student 1494
327,1203,2024-01-24,Feedback 327 from student 1203
328,1025,2023-03-02,Feedback 328 from student 1025
329,1117,2023-05-24,Feedback 329 from student 1117
330,1020,2021-09-30,Feedback 330 from student 1020
331,1015,2022-02-19,Feedback 331 from student 1015
332,1003,2024-09-02,Feedback 332 from student 1003
333,1019,2024-11-07,Feedback 333 from student 1019
334,1004,2020-02-03,Feedback 334 from student 1004
335,1126,2021-10-12,Feedback 335 from student 1126
336,1236,2022-05-14,Feedback 336 from student 1236
337,1081,2021-05-29,Feedback 337 from student 1081
338,1256,2020-08-22,Feedback 338 from student 1256
339,1177,2023-05-18,Feedback 339 from student 1177
340,1028,2020-05-05,Feedback 340 from student 1028
341,1299,2022-09-05,Feedback 341 from student 1299
342,1301,2021-11-10,Feedback 342 from student 1301
343,1325,2020-10-05,Feedback 343 from student 1325
344,1109,2021-12-22,Feedback 344 from student 1109
345,1332,2020-09-30,Feedback 345 from student 1332
346,1122,2021-12-30,Feedback 346 from student 1122
347,1231,2024-07-25,Feedback 347 from student 1231
348,1389,2020-02-20,Feedback 348 from student 1389
349,1171,2021-02-18,Feedback 349 from student 1171
350,1487,2024-10-01,Feedback 350 from student 1487
351,1083,2021-08-02,Feedback 351 from student 1083
352,1392,2023-08-21,Feedback 352 from student 1392
353,1142,2020-11-30,Feedback 353 from student 1142
354,1338,2022-03-14,Feedback 354 from student 1338
355,1057,2023-02-04,Feedback 355 from student 1057
356,1051,2022-12-11,Feedback 356 from student 1051
357,1047,2024-03-18,Feedback 357 from student 1047
358,1380,2021-02-01,Feedback 358 from student 1380
359,1463,2020-06-02,Feedback 359 from student 1463
360,1318,2020-07-03,Feedback 360 from student 1318
361,1389,2021-10-25,Feedback 361 from student 1389
362,1303,2020-12-21,Feedback 362 from student 1303
363,1034,2024-03-09,Feedback 363 from student 1034
364,1004,2023-08-13,Feedback 364 from student 1004
365,1254,2022-11-20,Feedback 365 from student 1254
366,1439,2020-08-18,Feedback 366 from student 1439
367,1422,2021-05-24,Feedback 367 from student 1422
368,1302,2023-06-08,Feedback 368 from student 1302
369,1234,2020-12-03,Feedback 369 from student 1234
370,1209,2024-09-21,Feedback 370 from student 1209
371,1218,2023-11-22,Feedback 371 from student 1218
372,1165,2021-07-08,Feedback 372 from student 1165
373,1419,2020-03-08,Feedback 373 from student 1419
374,1453,2023-09-18,Feedback 374 from student 1453
375,1271,2024-12-01,Feedback 375 from student 1271
376,1207,2022-10-02,Feedback 376 from student 1207
377,1081,2020-07-18,Feedback 377 from student 1081
378,1333,2023-01-03,Feedback 378 from student 1333
379,1232,2023-03-21,Feedback 379 from student 1232
380,1448,2024-11-24,Feedback 380 from student 1448
381,1371,2023-05-06,Feedback 381 from student 1371
382,1175,2023-03-06,Feedback 382 from student 1175
383,1495,2022-06-06,Feedback 383 from student 1495
384,1067,2021-11-27,Feedback 384 from student 1067
385,1108,2020-06-13,Feedback 385 from student 1108
386,1171,2023-10-29,Feedback 386 from student 1171
387,1229,2023-10-18,Feedback 387 from student 1229
388,1135,2024-02-06,Feedback 388 from student 1135
389,1222,2024-01-13,Feedback 389 from student 1222
390,1283,2020-10-15,Feedback 390 from student 1283
391,1293,2022-03-06,Feedback 391 from student 1293
392,1130,2020-11-08,Feedback 392 from student 1130
393,1431,2021-12-07,Feedback 393 from student 1431
394,1456,2024-11-19,Feedback 394 from student 1456
395,1416,2020-01-28,Feedback 395 from student 1416
396,1446,2024-01-30,Feedback 396 from student 1446
397,1012,2022-04-22,Feedback 397 from student 1012
398,1035,2021-04-17,Feedback 398 from student 1035
399,1067,2021-05-02,Feedback 399 from student 1067
400,1261,2024-03-22,Feedback 400 from student 1261
401,1132,2022-11-30,Feedback 401 from student 1132
402,1074,2020-11-23,Feedback 402 from student 1074
403,1254,2020-01-17,Feedback 403 from student 1254
404,1021,2022-07-16,Feedback 404 from student 1021
405,1032,2020-03-01,Feedback 405 from student 1032
406,1323,2023-08-05,Feedback 406 from student 1323
407,1366,2023-04-17,Feedback 407 from student 1366
408,1092,2024-11-27,Feedback 408 from student 1092
409,1260,2024-02-07,Feedback 409 from student 1260
410,1492,2021-01-27,Feedback 410 from student 1492
411,1427,2020-08-09,Feedback 411 from student 1427
412,1180,2024-03-05,Feedback 412 from student 1180
413,1164,2023-04-29,Feedback 413 from student 1164
414,1367,2021-09-23,Feedback 414 from student 1367
415,1430,2022-03-26,Feedback 415 from student 1430
416,1484,2023-06-22,Feedback 416 from student 1484
417,1049,2021-04-15,Feedback 417 from student 1049
418,1179,2024-08-09,Feedback 418 from student 1179
419,1271,2020-05-09,Feedback 419 from student 1271
420,1238,2020-09-20,Feedback 420 from student 1238
421,1253,2022-04-22,Feedback 421 from student 1253
422,1272,2021-10-16,Feedback 422 from student 1272
423,1084,2024-10-30,Feedback 423 from student 1084
424,1059,2020-11-30,Feedback 424 from student 1059
425,1079,2024-02-27,Feedback 425 from student 1079
426,1247,2020-12-08,Feedback 426 from student 1247
427,1322,2023-07-03,Feedback 427 from student 1322
428,1192,2023-01-22,Feedback 428 from student 1192
429,1238,2024-09-30,Feedback 429 from student 1238
430,1115,2024-02-22,Feedback 430 from student 1115
431,1257,2024-12-21,Feedback 431 from student 1257
432,1417,2022-12-10,Feedback 432 from student 1417
433,1426,2023-02-02,Feedback 433 from student 1426
434,1302,2020-03-18,Feedback 434 from student 1302
435,1289,2020-03-26,Feedback 435 from student 1289
436,1367,2021-11-01,Feedback 436 from student 1367
437,1171,2022-01-13,Feedback 437 from student 1171
438,1259,2023-05-15,Feedback 438 from student 1259
439,1171,2020-01-29,Feedback 439 from student 1171
440,1263,2021-06-07,Feedback 440 from student 1263
441,1066,2021-07-22,Feedback 441 from student 1066
442,1239,2024-02-26,Feedback 442 from student 1239
443,1353,2021-04-29,Feedback 443 from student 1353
444,1429,2022-05-07,Feedback 444 from student 1429
445,1378,2023-09-20,Feedback 445 from student 1378
446,1083,2020-07-05,Feedback 446 from student 1083
447,1358,2020-03-23,Feedback 447 from student 1358
448,1479,2020-01-12,Feedback 448 from student 1479
449,1454,2024-08-13,Feedback 449 from student 1454
450,1490,2020-03-15,Feedback 450 from student 1490
451,1479,2020-04-30,Feedback 451 from student 1479
452,1331,2020-05-15,Feedback 452 from student 1331
453,1106,2021-11-06,Feedback 453 from student 1106
454,1289,2023-02-17,Feedback 454 from student 1289
455,1180,2020-06-18,Feedback 455 from student 1180
456,1021,2020-11-13,Feedback 456 from student 1021
457,1138,2020-02-18,Feedback 457 from student 1138
458,1394,2024-04-22,Feedback 458 from student 1394
459,1242,2021-08-29,Feedback 459 from student 1242
460,1462,2020-01-06,Feedback 460 from student 1462
461,1181,2021-11-17,Feedback 461 from student 1181
462,1084,2021-02-05,Feedback 462 from student 1084
463,1462,2020-06-23,Feedback 463 from student 1462
464,1188,2023-10-14,Feedback 464 from student 1188
465,1136,2022-05-18,Feedback 465 from student 1136
466,1431,2023-02-13,Feedback 466 from student 1431
467,1278,2023-04-19,Feedback 467 from student 1278
468,1059,2022-01-21,Feedback 468 from student 1059
469,1318,2021-10-13,Feedback 469 from student 1318
470,1116,2021-07-09,Feedback 470 from student 1116
471,1386,2020-04-09,Feedback 471 from student 1386
472,1109,2023-08-14,Feedback 472 from student 1109
473,1094,2024-01-07,Feedback 473 from student 1094
474,1359,2021-11-27,Feedback 474 from student 1359
475,1386,2022-03-27,Feedback 475 from student 1386
476,1492,2021-07-12,Feedback 476 from student 1492
477,1282,2021-09-16,Feedback 477 from student 1282
478,1196,2022-03-09,Feedback 478 from student 1196
479,1048,2020-08-11,Feedback 479 from student 1048
480,1476,2023-01-27,Feedback 480 from student 1476
481,1122,2024-02-23,Feedback 481 from student 1122
482,1463,2024-08-06,Feedback 482 from student 1463
483,1177,2022-08-21,Feedback 483 from student 1177
484,1082,2023-08-02,Feedback 484 from student 1082
485,1498,2024-05-23,Feedback 485 from student 1498
486,1246,2023-02-13,Feedback 486 from student 1246
487,1408,2023-09-03,Feedback 487 from student 1408
488,1248,2020-08-30,Feedback 488 from student 1248
489,1039,2023-11-22,Feedback 489 from student 1039
490,1427,2020-10-24,Feedback 490 from student 1427
491,1302,2023-11-13,Feedback 491 from student 1302
492,1059,2023-09-06,Feedback 492 from student 1059
493,1320,2023-04-10,Feedback 493 from student 1320
494,1039,2024-10-25,Feedback 494 from student 1039
495,1391,2021-09-26,Feedback 495 from student 1391
496,1386,2020-04-07,Feedback 496 from student 1386
497,1114,2023-09-21,Feedback 497 from student 1114
498,1162,2022-02-03,Feedback 498 from student 1162
499,1090,2020-06-14,Feedback 499 from student 1090
500,1385,2023-11-26,Feedback 500 from student 1385
